{
  "header": {
    "seq": 1816,
    "stamp": {
      "secs": 1757267627,
      "nsecs": 121799023
    },
    "frame_id": "zed2_left_camera_optical_frame"
  },
  "width": 1280,
  "height": 720,
  "distortion_model": "plumb_bob",
  "D": [
    0.0,
    0.0,
    0.0,
    0.0,
    0.0
  ],
  "K": [
    521.0756225585938,
    0.0,
    645.6155395507812,
    0.0,
    521.0756225585938,
    355.7669982910156,
    0.0,
    0.0,
    1.0
  ],
  "R": [
    1.0,
    0.0,
    0.0,
    0.0,
    1.0,
    0.0,
    0.0,
    0.0,
    1.0
  ],
  "P": [
    521.0756225585938,
    0.0,
    645.6155395507812,
    0.0,
    0.0,
    521.0756225585938,
    355.7669982910156,
    0.0,
    0.0,
    0.0,
    1.0,
    0.0
  ],
  "fx": 521.0756225585938,
  "fy": 521.0756225585938,
  "cx": 645.6155395507812,
  "cy": 355.7669982910156
}